attribute,group,n,positives,prevalence,mean_pred,ece_obs,null_mean,null_sd,null_p95,analytic_null,excess_ece,cal_z,null_pctile,exceeds_null
age,[70-80),17749,1817,0.10237196461772494,0.09990989558205639,0.0054866693883101345,0.005469688219296665,0.0013935918548965882,0.007920172886750138,0.005310213393219346,1.6981169013469133e-05,0.01218518101537643,0.5283333333333333,False
age,[60-70),15688,1415,0.09019632840387558,0.08879866293016143,0.005838231957859682,0.005503799162430608,0.0012946532287550036,0.007732670127144827,0.0053576984883547795,0.00033443279542907413,0.2583184346210449,0.6233333333333333,False
age,[50-60),12351,880,0.07124929155533966,0.07431858135574998,0.00869270134843099,0.00574631214951939,0.0014639266244834755,0.008179776577776573,0.005567754659626964,0.0029463891989115996,2.012661802603111,0.975,True
age,[80-90),11110,1199,0.10792079207920792,0.10439992943579801,0.0069769886195665725,0.007109476653352796,0.001729034269695341,0.010135051488365401,0.006843870843593312,-0.00013248803378622387,-0.07662545277923756,0.48,False
age,[40-50),6828,506,0.07410661980082016,0.0771242416174113,0.007916604435372274,0.0076987799968453886,0.0018730812824763042,0.010942443677447997,0.007616790115609504,0.00021782443852688509,0.11629203738500372,0.5733333333333334,False
age,[30-40),2692,188,0.06983655274888559,0.07710355104682112,0.016172709068488555,0.012554517567525453,0.0030715762618867045,0.01755503486455163,0.012129078927562487,0.0036181915009631024,1.177959195042301,0.8883333333333333,False
age,[90-100),1761,168,0.09540034071550256,0.09789590950244659,0.024751118090036172,0.01722775119710518,0.003930943840326383,0.024065939294898277,0.016706389141406604,0.007523366892930993,1.913883077074521,0.9566666666666667,True
age,[20-30),1121,83,0.07404103479036575,0.07813973329716781,0.011838164098300885,0.01908271203297056,0.004713467055920849,0.02723445435338111,0.01891112549905294,-0.007244547934669674,-1.5369891947307432,0.04833333333333333,False
age,[10-20),534,26,0.04868913857677903,0.056037963434461276,0.024158543377951563,0.023637923920196348,0.00596315797088718,0.03368587467178566,0.02348007500459277,0.0005206194577552156,0.08730599797908078,0.5633333333333334,False
